{
  "hash": "74687f3d",
  "configHash": "63c833b7",
  "lockfileHash": "50512813",
  "browserHash": "3b1b7efa",
  "optimized": {
    "@angular/common": {
      "src": "../../../../../../node_modules/@angular/common/fesm2022/common.mjs",
      "file": "@angular_common.js",
      "fileHash": "fad3bc8a",
      "needsInterop": false
    },
    "@angular/common/http": {
      "src": "../../../../../../node_modules/@angular/common/fesm2022/http.mjs",
      "file": "@angular_common_http.js",
      "fileHash": "f3cf5e3f",
      "needsInterop": false
    },
    "@angular/core": {
      "src": "../../../../../../node_modules/@angular/core/fesm2022/core.mjs",
      "file": "@angular_core.js",
      "fileHash": "bc0ea321",
      "needsInterop": false
    },
    "@angular/forms": {
      "src": "../../../../../../node_modules/@angular/forms/fesm2022/forms.mjs",
      "file": "@angular_forms.js",
      "fileHash": "5db09800",
      "needsInterop": false
    },
    "@angular/platform-browser": {
      "src": "../../../../../../node_modules/@angular/platform-browser/fesm2022/platform-browser.mjs",
      "file": "@angular_platform-browser.js",
      "fileHash": "39549a88",
      "needsInterop": false
    },
    "@angular/router": {
      "src": "../../../../../../node_modules/@angular/router/fesm2022/router.mjs",
      "file": "@angular_router.js",
      "fileHash": "d733572f",
      "needsInterop": false
    }
  },
  "chunks": {
    "chunk-5J6IIMYC": {
      "file": "chunk-5J6IIMYC.js"
    },
    "chunk-OXKQB3TE": {
      "file": "chunk-OXKQB3TE.js"
    },
    "chunk-KSXU6XDB": {
      "file": "chunk-KSXU6XDB.js"
    },
    "chunk-QUW5EQHX": {
      "file": "chunk-QUW5EQHX.js"
    }
  }
}